Tweet ID,URL,Content,Likes,Retweets,Replies,Quotes,Views,Date
1991521942642557403,https://x.com/OPMClips/status/1991521942642557403,SAVE OPM üò≠ https://t.co/JrausSSyzP,9027,1096,79,65,222400,Thu Nov 20 15:00:06 +0000 2025
1993352116359119118,https://x.com/IMU8276/status/1993352116359119118,"One punch man ‚ùå
One Frame Man ‚úÖ
https://t.co/pLASyArsvq",38,1,7,0,1752,Tue Nov 25 16:12:33 +0000 2025
1992535070108733627,https://x.com/LegionzGaming/status/1992535070108733627,"Am I supposed to feel bad that the people that are animating One Punch Man Season 3 AS THEIR JOB, are being criticized for doing a HORRIBLE job? Wtf is this pansy as pity party response? They're just trying to guilt trip people into feeling bad for them and ignoring the dogshit animation.

Guess what happens when you do a bad job in any profession? You get fired and replaced and in their case it should have happened a long time ago. Cry me a river. I hope they do disappear and never work on something that's this beloved ever again until they get their shit together and get better at their job. When fan's can animate IN A FEW DAYS after an episode has aired something that looks 100 times better than these so called ""professional"" animators, then there is a massive problem.

I don't feel bad one fucking bit, they should be bullied out of working on this and quit and be replaced and they should remake this entire season. And before anyone comes at me saying they don't deserve this much criticism or that their feelings are hurt, content creators get sent death threats and told to kill themselves on a daily basis and I am one of them, not too mention any job that you do bad is going to be criticized. They are not special and should not be treated like little babies. MAN UP AND ADMIT THAT IT'S DOGSHIT AND YOU SUCK.",1991,210,193,90,283117,Sun Nov 23 10:05:54 +0000 2025
1992615652725862536,https://x.com/Makimatweets/status/1992615652725862536,One Punch Man Animation in 2015 https://t.co/rT9N9PyKR7,5007,295,74,49,160598,Sun Nov 23 15:26:07 +0000 2025
1993349768303554719,https://x.com/Everything_OPM_/status/1993349768303554719,https://t.co/nSWJ2IkUbj,6459,236,25,9,66618,Tue Nov 25 16:03:14 +0000 2025
1990996171112747307,https://x.com/AnimeStrikerz/status/1990996171112747307,One Punch man Season 3  is officially the worst rated anime of all timeü§Ø https://t.co/iVktbNQZAr,27236,1148,669,778,3880016,Wed Nov 19 04:10:52 +0000 2025
1993471164606562645,https://x.com/Everything_OPM_/status/1993471164606562645,https://t.co/61fgAKJK3s,10764,374,12,2,128430,Wed Nov 26 00:05:37 +0000 2025
1991935759184707891,https://x.com/_the_antor/status/1991935759184707891,"My Hero Academia X One Punch Man 
#OnePunchMan #myheroacademia https://t.co/1MKjuz0H4i",4646,152,32,18,76422,Fri Nov 21 18:24:28 +0000 2025
1992624882933547077,https://x.com/_the_antor/status/1992624882933547077,"One Punch Man Season 3 Episode 7
Manga : Aura
Anime : Go to hell Aura
#OnePunchMan https://t.co/6qa0Xyisyt",410,11,4,0,34951,Sun Nov 23 16:02:47 +0000 2025
1992940092856664222,https://x.com/NicholasLightTV/status/1992940092856664222,"6 fingers for the 6 years fans had to wait for this worthless ‚Äúanime‚Äù, made by people that shouldn‚Äôt be anywhere near One Punch Man 

Sell the IP to the fan animators on YouTube please https://t.co/A9t3Rd1wsh",1917,97,64,15,70642,Mon Nov 24 12:55:19 +0000 2025
1993008719488237991,https://x.com/BaldWonderOPM/status/1993008719488237991,"Watching One Punch Man Season 3 be like:üòÇ

#OnePunchMan #opm https://t.co/ZTSjTvm856",1618,105,7,0,17817,Mon Nov 24 17:28:01 +0000 2025
1990083528822771723,https://x.com/Everything_OPM_/status/1990083528822771723,They took all his aura away man‚Ä¶ https://t.co/XfiJEk5siO,37380,1761,554,544,1034617,Sun Nov 16 15:44:21 +0000 2025
1990797273044054505,https://x.com/Everything_OPM_/status/1990797273044054505,https://t.co/y09PMhc11G,44565,1532,68,65,882895,Tue Nov 18 15:00:31 +0000 2025
1993181957409456519,https://x.com/OnePunchManHQ/status/1993181957409456519,https://t.co/qUtxsFg477,2991,183,5,23,41079,Tue Nov 25 04:56:24 +0000 2025
1991558548959191051,https://x.com/usero_jw/status/1991558548959191051,"Will we ever see a remake of One Punch Man 3?

comp: usero
art: @universe_mans @BagasBagas65438 
#OnePunchMan #onepunchmanseason3 #OPM https://t.co/OcebG2831W",3496,155,43,5,96461,Thu Nov 20 17:25:34 +0000 2025
1992917940631736594,https://x.com/Makimatweets/status/1992917940631736594,This is The Real One punch man üî•(Animation) https://t.co/jLChdAvk4v,20933,750,171,99,1371437,Mon Nov 24 11:27:18 +0000 2025
1991329174393622827,https://x.com/OPMShots_Daily/status/1991329174393622827,Is this the most detailed Manga Panel ever??üëÄ https://t.co/LHGrdkLfBg,8661,251,81,34,276955,Thu Nov 20 02:14:06 +0000 2025
